year,Region,number_of_deaths,average_population,calculated_rate,published_rate,rate_difference
2016,Alberta,602.0,4189191.5,14.37,14.3,0.07
2016,British Columbia,807.0,4846627.75,16.65,16.6,0.05
2016,Manitoba,88.0,1311168.75,6.71,6.7,0.01
2016,New Brunswick,34.0,762784.5,4.46,4.5,-0.04
2016,Newfoundland and Labrador,18.0,529485.0,3.4,3.4,0.0
2016,Northwest Territories,5.0,44551.25,11.22,11.2,0.02
2016,Nova Scotia,53.0,942262.75,5.62,5.6,0.02
2016,Nunavut,0.0,36886.75,0.0,0.0,0.0
2016,Ontario,867.0,13853924.0,6.26,6.2,0.06
2016,Prince Edward Island,5.0,146405.0,3.42,3.4,0.02
2016,Quebec,263.0,8217369.75,3.2,3.2,0.0
2016,Saskatchewan,83.0,1133608.25,7.32,7.3,0.02
2016,Yukon,7.0,38263.5,18.29,18.2,0.09
2017,Alberta,744.0,4232819.75,17.58,17.6,-0.02
2017,British Columbia,1300.0,4925006.5,26.4,26.3,0.1
2017,Manitoba,106.0,1331885.25,7.96,7.9,0.06
2017,New Brunswick,38.0,766049.25,4.96,5.0,-0.04
2017,Newfoundland and Labrador,33.0,529942.5,6.23,6.2,0.03
2017,Northwest Territories,1.0,44644.5,2.24,2.2,0.04
2017,Nova Scotia,64.0,951050.25,6.73,6.7,0.03
2017,Nunavut,0.0,37540.5,0.0,0.0,0.0
2017,Ontario,1265.0,14056827.0,9.0,9.0,0.0
2017,Prince Edward Island,5.0,149125.0,3.35,3.3,0.05
2017,Quebec,280.0,8284231.25,3.38,3.4,-0.02
2017,Saskatchewan,85.0,1145931.25,7.42,7.4,0.02
2017,Yukon,7.0,39286.75,17.82,17.7,0.12
2018,Alberta,805.0,4286099.0,18.78,18.8,-0.02
2018,British Columbia,1400.0,5009884.5,27.94,27.9,0.04
2018,Manitoba,93.0,1350414.25,6.89,6.9,-0.01
2018,New Brunswick,30.0,770035.75,3.9,3.9,0.0
2018,Newfoundland and Labrador,23.0,528998.75,4.35,4.4,-0.05
2018,Northwest Territories,2.0,44671.75,4.48,4.5,-0.02
2018,Nova Scotia,55.0,961061.0,5.72,5.7,0.02
2018,Nunavut,0.0,38153.75,0.0,0.0,0.0
2018,Ontario,1513.0,14297687.0,10.58,10.6,-0.02
2018,Prince Edward Island,8.0,151948.0,5.26,5.3,-0.04
2018,Quebec,211.0,8374735.0,2.52,2.5,0.02
2018,Saskatchewan,116.0,1155438.5,10.04,10.0,0.04
2018,Yukon,5.0,40211.5,12.43,12.4,0.03
2019,Alberta,626.0,4348515.0,14.4,14.4,0.0
2019,British Columbia,899.0,5100179.0,17.63,17.6,0.03
2019,Manitoba,62.0,1367580.0,4.53,4.5,0.03
2019,New Brunswick,35.0,776407.5,4.51,4.5,0.01
2019,Newfoundland and Labrador,17.0,528101.0,3.22,3.2,0.02
2019,Northwest Territories,1.0,44547.25,2.24,2.3,-0.06
2019,Nova Scotia,56.0,974448.75,5.75,5.7,0.05
2019,Nunavut,,38767.5,,,
2019,Ontario,1565.0,14545972.5,10.76,10.7,0.06
2019,Prince Edward Island,5.0,155276.75,3.22,3.2,0.02
2019,Quebec,213.0,8470680.75,2.51,2.5,0.01
2019,Saskatchewan,115.0,1163702.5,9.88,9.9,-0.02
2019,Yukon,4.0,41035.5,9.75,9.7,0.05
2020,Alberta,1192.0,4404480.25,27.06,27.0,0.06
2020,British Columbia,1562.0,5169146.25,30.22,30.2,0.02
2020,Manitoba,233.0,1379626.0,16.89,16.9,-0.01
2020,New Brunswick,45.0,782703.0,5.75,5.7,0.05
2020,Newfoundland and Labrador,25.0,527223.5,4.74,4.7,0.04
2020,Northwest Territories,3.0,44499.25,6.74,6.7,0.04
2020,Nova Scotia,49.0,987164.0,4.96,5.0,-0.04
2020,Nunavut,,39301.75,,,
2020,Ontario,2484.0,14747480.5,16.84,16.8,0.04
2020,Prince Edward Island,8.0,158566.75,5.05,5.0,0.05
2020,Quebec,322.0,8547809.0,3.77,3.8,-0.03
2020,Saskatchewan,250.0,1167953.25,21.4,21.4,0.0
2020,Yukon,10.0,41844.75,23.9,23.8,0.1
2021,Alberta,1642.0,4431653.75,37.05,37.1,-0.05
2021,British Columbia,1993.0,5219141.0,38.19,38.1,0.09
2021,Manitoba,288.0,1390261.25,20.72,20.7,0.02
2021,New Brunswick,47.0,789611.25,5.95,5.9,0.05
2021,Newfoundland and Labrador,25.0,526872.0,4.74,4.7,0.04
2021,Northwest Territories,4.0,44565.75,8.98,9.0,-0.02
2021,Nova Scotia,40.0,997610.25,4.01,4.0,0.01
2021,Nunavut,,39990.0,,,
2021,Ontario,2880.0,14842681.0,19.4,19.4,0.0
2021,Prince Edward Island,12.0,161321.75,7.44,7.4,0.04
2021,Quebec,296.0,8570776.0,3.45,3.5,-0.05
2021,Saskatchewan,327.0,1167676.0,28.0,28.0,0.0
2021,Yukon,23.0,42672.5,53.9,53.5,0.4
2022,Alberta,1523.0,4505411.25,33.8,33.7,0.1
2022,British Columbia,2098.0,5341612.25,39.28,39.2,0.08
2022,Manitoba,292.0,1410794.25,20.7,20.7,0.0
2022,New Brunswick,76.0,806255.5,9.43,9.4,0.03
2022,Newfoundland and Labrador,29.0,530628.25,5.47,5.5,-0.03
2022,Northwest Territories,7.0,44676.0,15.67,15.7,-0.03
2022,Nova Scotia,62.0,1019971.5,6.08,6.1,-0.02
2022,Nunavut,,40550.5,,,
2022,Ontario,2531.0,15127770.75,16.73,16.7,0.03
2022,Prince Edward Island,6.0,166398.25,3.61,3.6,0.01
2022,Quebec,316.0,8657659.75,3.65,3.6,0.05
2022,Saskatchewan,297.0,1177903.75,25.21,25.2,0.01
2022,Yukon,19.0,43621.0,43.56,43.3,0.26
2023,Alberta,1867.0,4669816.25,39.98,39.8,0.18
2023,British Columbia,2256.0,5496873.75,41.04,40.9,0.14
2023,Manitoba,382.0,1448336.25,26.38,26.3,0.08
2023,New Brunswick,98.0,828699.25,11.83,11.8,0.03
2023,Newfoundland and Labrador,37.0,537924.25,6.88,6.9,-0.02
2023,Northwest Territories,3.0,44496.25,6.74,6.7,0.04
2023,Nova Scotia,73.0,1049105.25,6.96,6.9,0.06
2023,Nunavut,0.0,40896.5,0.0,0.0,0.0
2023,Ontario,2643.0,15589864.25,16.95,16.9,0.05
2023,Prince Edward Island,7.0,172896.25,4.05,4.0,0.05
2023,Quebec,309.0,8804828.0,3.51,3.5,0.01
2023,Saskatchewan,348.0,1207468.25,28.82,28.8,0.02
2023,Yukon,17.0,45154.5,37.65,37.4,0.25
2024,Alberta,1198.0,4881401.5,24.54,24.4,0.14
2024,British Columbia,2347.0,5651758.25,41.53,41.4,0.13
2024,Manitoba,373.0,1487105.5,25.08,25.0,0.08
2024,New Brunswick,85.0,854480.75,9.95,9.9,0.05
2024,Newfoundland and Labrador,47.0,545509.5,8.62,8.6,0.02
2024,Northwest Territories,7.0,45113.25,15.52,15.5,0.02
2024,Nova Scotia,67.0,1078235.0,6.21,6.2,0.01
2024,Nunavut,,41271.0,,,
2024,Ontario,2265.0,16091407.25,14.08,14.0,0.08
2024,Prince Edward Island,7.0,178841.25,3.91,3.9,0.01
2024,Quebec,645.0,8972062.0,7.19,7.2,-0.01
2024,Saskatchewan,271.0,1243439.5,21.79,21.7,0.09
2024,Yukon,14.0,47196.25,29.66,29.4,0.26
2025,Alberta,1145.0,5017119.0,22.82,22.8,0.02
2025,British Columbia,1841.0,5695104.0,32.33,32.3,0.03
2025,Manitoba,231.0,1507608.5,15.32,15.3,0.02
2025,New Brunswick,72.0,867817.75,8.3,8.3,0.0
2025,Newfoundland and Labrador,24.0,549486.75,4.37,4.4,-0.03
2025,Northwest Territories,2.0,45838.0,4.36,4.4,-0.04
2025,Nova Scotia,78.0,1091331.5,7.15,7.1,0.05
2025,Nunavut,,41799.5,,,
2025,Ontario,1398.0,16240430.0,8.61,8.6,0.01
2025,Prince Edward Island,13.0,181785.0,7.15,7.1,0.05
2025,Quebec,591.0,9050243.0,6.53,6.5,0.03
2025,Saskatchewan,221.0,1264813.5,17.47,17.4,0.07
2025,Yukon,14.0,48201.0,29.05,29.0,0.05